Years,STATEID,STATE,REGION,JURGT1M,JURGT1F,JURLT1M,JURLT1F,JURUNSM,JURUNSF,JURTOTM,JURTOTF,JURUSTOTAL,PVINM,PVINF,PVOTHM,PVOTHF,PVINCLM,PVINCLF,WHITEM,WHITEF,BLACKM,BLACKF,HISPM,HISPF,AIANM,AIANF,ASIANM,ASIANF,NHPIM,NHPIF,APIM,APIF,TWORACEM,TWORACEF,ADDRACEM,ADDRACEF,UNKRACEM,UNKRACEF,TOTRACEM,TOTRACEF,NOTHISPM,NOTHISPF,UNKHISPM,UNKHISPF,TOTHCATM,TOTHCATF,COMMITM,COMMITF,PARNEWM,PARNEWF,PARNOM,PARNOF,ADCRNEWM,ADCRNEWF,ADCRNOM,ADCRNOF,ADTRANSM,ADTRANSF,ADAWOLM,ADAWOLF,ADESCAPM,ADESCAPF,ADAWESM,ADAWESF,ADRETM,ADRETF,ADOTHM,ADOTHF,ADTOTM,ADTOTF,RLUNEXPM,RLUNEXPF,RLUNCOMM,RLUNCOMF,RLUNOTHM,RLUNOTHF,RLCOPROM,RLCOPROF,RLCOSUPM,RLCOSUPF,RLCODPM,RLCODPF,RLCOOTHM,RLCOOTHF,RLDEATHM,RLDEATHF,RLAWOLM,RLAWOLF,RLESCAPM,RLESCAPF,RLAWESM,RLAWESF,RLTRANM,RLTRANF,RLBONDM,RLBONDF,RLOTHM,RLOTHF,RLTOTM,RLTOTF,FLOJANM,FLOJANF,FLOADMM,FLOADMF,FLORLM,FLORLF,FLODECM,FLODECF,ADMITUSTOTAL,RELEASEUSTOTAL,Population (People),        Under 5 years of age (People),        5 to 14 years (People),        15 to 24 years (People),        25 to 34 years (People),        35 to 44 years (People),        45 to 54 years (People),        55 to 64 years (People),        65+ years (People),        White (People),        Black or African American (People),        Asian (People),        American Indian and Alaska Native (People),        Two or more races (People),        Northeast (People),        Midwest (People),        South (People),        West (People),        Male (People),        Female (People),        Children (under 18) (People),        Working-age (16-64) (People),        Elderly (65+) (People),        Working-age (18-64) (People),        Children (15 and under) (People),        White (People),        Black or African American (People),        Asian (People),        American Indian and Alaska Native (People),        Other / Mixed race (People),        Hispanic (People),        Not Hispanic (People),        Hispanic (People),"        White, Not-Hispanic (People)","        Black, Not-Hispanic (People)","        Asian, Not-Hispanic (People)","        American Indian and Alaska Native, Not-Hispanic (People)","        Other / Mixed race, Not Hispanic (People)",DUI,curfew loitering,disorderly conduct,drug violations,drunkeness,liquor,property,vagrancy,violence,weapons
1980,70.0,US,5.0,303633.0,12331.0,8489.0,639.0,4269.0,450.0,316401.0,13420.0,329821.0,void,void,void,void,void,void,163083.0,6191.0,143700.0,6549.0,24451.0,795.0,2853.0,158.0,void,void,void,void,824.0,18.0,void,void,0.0,0.0,4977.0,342.0,315437.0,13258.0,206527.0,8913.0,84459.0,3550.0,void,void,134021.0,8101.0,10259.0,369.0,12846.0,470.0,2303.0,89.0,2396.0,85.0,2539.0,194.0,0.0,0.0,0.0,0.0,7477.0,523.0,266.0,15.0,640.0,24.0,172747.0,9870.0,22708.0,1191.0,630.0,68.0,1223.0,95.0,4534.0,446.0,28309.0,1463.0,79226.0,4591.0,4115.0,268.0,void,void,0.0,0.0,0.0,0.0,8082.0,526.0,2689.0,198.0,1760.0,152.0,6104.0,721.0,160094.0,9732.0,void,void,void,void,0.0,0.0,void,void,182617.0,169826.0,227224719.0,16451188.0,34838697.0,42496648.0,37428687.0,25805222.0,22742771.0,21754058.0,25707448.0,194713000.0,26683000.0,3729000.0,1420000.0,void,49183045.0,58901238.0,75721008.0,43419428.0,110398754.0,116825965.0,63683466.0,146228559.0,25707448.0,void,void,194713000.0,26683000.0,3729000.0,1420000.0,void,14609000.0,212615681.0,14609000.0,void,void,void,void,void,627.9,31.1,338.7,255.7,495.5,204.0,820.0,13.5,195.3,73.4
1981,70.0,US,5.0,339375.0,14298.0,8209.0,751.0,6809.0,488.0,354393.0,15537.0,369930.0,void,void,void,void,void,void,183202.0,7301.0,160442.0,7687.0,28211.0,876.0,3116.0,191.0,void,void,void,void,1124.0,46.0,void,void,0.0,0.0,5451.0,212.0,353335.0,15437.0,253970.0,11517.0,71154.0,3044.0,void,void,150741.0,9531.0,11969.0,430.0,13597.0,569.0,3150.0,151.0,5640.0,168.0,2935.0,211.0,0.0,0.0,0.0,0.0,8651.0,523.0,825.0,85.0,3009.0,78.0,200517.0,11747.0,21933.0,1053.0,3150.0,244.0,1425.0,96.0,4770.0,517.0,31181.0,1680.0,77169.0,4725.0,4100.0,273.0,void,void,0.0,0.0,0.0,0.0,8941.0,521.0,2246.0,162.0,2358.0,149.0,7061.0,410.0,165110.0,9845.0,void,void,void,void,0.0,0.0,void,void,212264.0,174955.0,229465714.0,16892767.0,34360571.0,42203419.0,38900546.0,26394405.0,22579485.0,21913749.0,26220666.0,196634941.0,27133356.0,4213992.0,1483027.0,void,49269574.0,58912038.0,76964608.0,44319388.0,111502912.0,117962696.0,63211690.0,148208039.0,26220666.0,void,void,196634941.0,27133356.0,4213992.0,1483027.0,void,15560309.0,213905405.0,15560309.0,181974435.0,26532114.0,void,void,void,667.4,41.3,343.0,244.0,503.5,210.7,841.2,14.4,199.9,78.3
1982,70.0,US,5.0,379075.0,16441.0,10027.0,858.0,6919.0,486.0,396021.0,17785.0,413806.0,void,void,void,void,void,void,206167.0,8574.0,180844.0,8766.0,36127.0,1099.0,3540.0,218.0,void,void,void,void,1450.0,54.0,void,void,0.0,0.0,4438.0,311.0,396439.0,17923.0,257874.0,11996.0,102438.0,4828.0,void,void,166001.0,11108.0,13699.0,479.0,16309.0,732.0,4509.0,148.0,2984.0,143.0,3176.0,223.0,0.0,0.0,0.0,0.0,8803.0,545.0,938.0,105.0,894.0,38.0,217313.0,13521.0,25823.0,1450.0,483.0,52.0,1018.0,87.0,6931.0,638.0,38101.0,2251.0,81395.0,5212.0,5274.0,377.0,void,void,0.0,0.0,0.0,0.0,9109.0,518.0,3000.0,202.0,2215.0,162.0,3061.0,278.0,177196.0,11240.0,void,void,void,void,0.0,0.0,void,void,230834.0,188436.0,231664458.0,17227895.0,34102586.0,41643879.0,39417346.0,28030377.0,22425286.0,22029823.0,26787304.0,198037360.0,27508316.0,4581276.0,1537259.0,void,49333784.0,58784164.0,78302445.0,45244103.0,112579479.0,119085017.0,62812665.0,149865297.0,26787304.0,void,void,198037360.0,27508316.0,4581276.0,1537259.0,void,16239562.0,215424896.0,16239562.0,182781655.0,26856062.0,void,void,void,767.7,39.3,386.6,291.8,544.8,216.3,882.7,15.9,212.6,83.5
1983,70.0,US,5.0,401870.0,17476.0,9827.0,979.0,6138.0,565.0,417835.0,19020.0,436855.0,void,void,void,void,void,void,216522.0,9380.0,191020.0,9196.0,39744.0,1344.0,3833.0,253.0,void,void,void,void,1503.0,74.0,void,void,0.0,0.0,5206.0,251.0,418084.0,19154.0,244397.0,11501.0,133943.0,6309.0,void,void,174887.0,12521.0,14001.0,525.0,12753.0,612.0,8870.0,368.0,8026.0,413.0,3450.0,258.0,0.0,0.0,0.0,0.0,7942.0,486.0,4134.0,222.0,573.0,20.0,234636.0,15425.0,33708.0,2205.0,934.0,73.0,1266.0,121.0,9165.0,723.0,50509.0,3123.0,91830.0,6129.0,4474.0,392.0,void,void,0.0,0.0,0.0,0.0,8651.0,515.0,3240.0,252.0,5259.0,322.0,1702.0,367.0,211611.0,14245.0,void,void,void,void,0.0,0.0,void,void,250061.0,225856.0,233791994.0,17546968.0,33921858.0,41020290.0,40207832.0,29267313.0,22355442.0,22111766.0,27360434.0,199420087.0,27867416.0,4908787.0,1595947.0,void,49536746.0,58691281.0,79449355.0,46114521.0,113646987.0,120144916.0,62566086.0,151358359.0,27360434.0,void,void,199420087.0,27867416.0,4908787.0,1595947.0,void,16935469.0,216856525.0,16935469.0,183561138.0,27158852.0,void,void,void,821.7,32.1,324.0,282.9,477.0,213.1,825.5,14.4,199.0,76.8
1984,70.0,US,5.0,424193.0,19205.0,9339.0,985.0,7676.0,604.0,441208.0,20794.0,462002.0,void,void,void,void,void,void,229323.0,10105.0,199692.0,9981.0,46125.0,1781.0,4189.0,285.0,void,void,void,void,2061.0,119.0,void,void,0.0,0.0,6359.0,328.0,441624.0,20818.0,253839.0,12357.0,141660.0,6680.0,441624.0,20818.0,167833.0,12585.0,15762.0,662.0,13602.0,720.0,10210.0,448.0,10039.0,564.0,3456.0,292.0,0.0,0.0,0.0,0.0,7664.0,555.0,319.0,34.0,1452.0,63.0,230337.0,15923.0,33892.0,2241.0,972.0,69.0,1836.0,182.0,8660.0,730.0,53999.0,3540.0,88667.0,5695.0,4752.0,374.0,void,void,0.0,0.0,0.0,0.0,8106.0,625.0,3114.0,268.0,949.0,103.0,1625.0,322.0,207598.0,14170.0,void,void,void,void,0.0,0.0,void,void,246260.0,221768.0,235824902.0,17694998.0,33788303.0,40460043.0,40961840.0,30502944.0,22385372.0,22154045.0,27877238.0,200707727.0,28212477.0,5249129.0,1655707.0,void,49718187.0,58775281.0,80417379.0,46913936.0,114670252.0,121154531.0,62482778.0,152791366.0,27877238.0,void,void,200707727.0,28212477.0,5249129.0,1655707.0,void,17640121.0,218184781.0,17640121.0,184242853.0,27444460.0,void,void,void,754.5,36.7,282.4,300.4,488.6,214.4,791.1,12.3,193.9,75.3
1985,70.0,US,5.0,459223.0,21345.0,10294.0,966.0,9842.0,837.0,479359.0,23148.0,502507.0,void,void,void,void,void,void,249418.0,11429.0,216344.0,10793.0,52460.0,2212.0,4480.0,310.0,void,void,void,void,1800.0,104.0,void,void,0.0,0.0,7235.0,463.0,479277.0,23099.0,278556.0,13838.0,148261.0,7049.0,479277.0,23099.0,184594.0,13905.0,15221.0,594.0,15146.0,668.0,11541.0,599.0,14088.0,837.0,4280.0,267.0,0.0,0.0,0.0,0.0,7779.0,526.0,336.0,26.0,836.0,123.0,253821.0,17545.0,35991.0,2467.0,821.0,68.0,2346.0,222.0,8575.0,621.0,61752.0,4011.0,87619.0,6286.0,5540.0,512.0,void,void,0.0,0.0,0.0,0.0,8968.0,610.0,4137.0,296.0,509.0,33.0,1636.0,301.0,219042.0,15454.0,void,void,void,void,0.0,0.0,void,void,271366.0,234496.0,237923795.0,17841708.0,33692422.0,39991892.0,41696515.0,31691031.0,22459257.0,22135001.0,28415906.0,202031343.0,28568658.0,5606129.0,1717908.0,void,49868586.0,58819680.0,81408836.0,47826630.0,115729577.0,122194155.0,62623913.0,154216286.0,28415906.0,void,void,202031343.0,28568658.0,5606129.0,1717908.0,void,18367986.0,219555809.0,18367986.0,184945003.0,27737907.0,void,void,void,751.7,34.3,282.3,341.0,405.5,230.6,817.5,14.2,193.6,76.0
1986,70.0,US,5.0,497540.0,24544.0,10769.0,1126.0,10132.0,861.0,518441.0,26531.0,544972.0,void,void,void,void,void,void,261658.0,13043.0,234430.0,12403.0,59908.0,2702.0,4928.0,363.0,void,void,void,void,1756.0,94.0,void,void,0.0,0.0,15706.0,752.0,518478.0,26655.0,295438.0,15924.0,163132.0,8029.0,518478.0,26655.0,203142.0,16240.0,14681.0,746.0,17622.0,877.0,13507.0,765.0,21591.0,1395.0,4043.0,214.0,0.0,0.0,0.0,0.0,8097.0,601.0,740.0,67.0,518.0,12.0,283941.0,20917.0,36166.0,2350.0,697.0,51.0,3291.0,277.0,9624.0,802.0,70416.0,4945.0,99178.0,6953.0,9765.0,847.0,void,void,0.0,0.0,0.0,0.0,8916.0,614.0,4540.0,202.0,608.0,61.0,1134.0,454.0,245587.0,17594.0,void,void,void,void,0.0,0.0,void,void,304858.0,263181.0,240132887.0,17962587.0,33572752.0,39556684.0,42371801.0,33009010.0,22658896.0,21993783.0,29007328.0,203429819.0,28941763.0,5978210.0,1783256.0,void,50071307.0,58847704.0,82427783.0,48786047.0,116865225.0,123267616.0,62865654.0,155758958.0,29007328.0,void,void,203429819.0,28941763.0,5978210.0,1783256.0,void,19154577.0,220978310.0,19154577.0,185677726.0,28040272.0,void,void,void,746.8,35.9,281.7,343.2,388.9,249.9,842.5,16.1,215.2,79.3
1987,70.0,US,5.0,533990.0,26822.0,10761.0,1323.0,11210.0,978.0,555961.0,29123.0,585084.0,void,void,void,void,void,void,277229.0,14377.0,249730.0,13228.0,66781.0,3029.0,5106.0,355.0,void,void,void,void,1909.0,88.0,void,void,0.0,0.0,18159.0,839.0,552133.0,28887.0,289425.0,15753.0,195927.0,10105.0,552133.0,28887.0,223352.0,18535.0,16739.0,786.0,18884.0,906.0,13811.0,749.0,29091.0,1993.0,4131.0,217.0,0.0,0.0,0.0,0.0,8561.0,625.0,610.0,63.0,444.0,265.0,315623.0,24139.0,44676.0,3236.0,2339.0,269.0,2517.0,216.0,10858.0,1066.0,82363.0,6548.0,108218.0,8485.0,14216.0,1117.0,void,void,0.0,0.0,0.0,0.0,9842.0,707.0,3978.0,270.0,714.0,58.0,1811.0,74.0,283001.0,22097.0,void,void,void,void,0.0,0.0,void,void,339762.0,305098.0,242288918.0,18052290.0,33807229.0,38889932.0,42840709.0,34226446.0,23095853.0,21750615.0,29625949.0,204770146.0,29324578.0,6343072.0,1851250.0,void,50301685.0,59017675.0,83207732.0,49761931.0,117960907.0,124328116.0,63056407.0,157278129.0,29625949.0,void,void,204770146.0,29324578.0,6343072.0,1851250.0,void,19946199.0,222342719.0,19946199.0,186352800.0,28350939.0,void,void,void,712.9,36.9,288.4,386.9,341.9,254.5,866.7,14.9,210.5,79.1
1988,70.0,US,5.0,573587.0,30145.0,9616.0,1182.0,11793.0,1277.0,594996.0,32604.0,627600.0,void,void,void,void,void,void,292534.0,16178.0,274570.0,14892.0,72784.0,3616.0,5040.0,310.0,void,void,void,void,2036.0,141.0,void,void,0.0,0.0,20816.0,1083.0,594996.0,32604.0,320487.0,18183.0,201725.0,10805.0,594996.0,32604.0,240060.0,21182.0,20676.0,1117.0,22718.0,1076.0,15130.0,903.0,37061.0,2673.0,3927.0,157.0,0.0,0.0,0.0,0.0,9186.0,748.0,909.0,39.0,1872.0,308.0,351539.0,28203.0,51613.0,4155.0,2771.0,348.0,3425.0,363.0,11392.0,1019.0,88927.0,6523.0,118602.0,9221.0,16358.0,1609.0,void,void,0.0,0.0,0.0,0.0,10414.0,863.0,4819.0,266.0,729.0,73.0,1360.0,401.0,311942.0,24880.0,void,void,void,void,0.0,0.0,void,void,379742.0,336822.0,244498982.0,18195465.0,34255589.0,38150913.0,43130183.0,35180440.0,23949210.0,21513632.0,30123404.0,206129014.0,29722999.0,6723845.0,1923182.0,void,50583925.0,59254030.0,83890480.0,50770401.0,119085496.0,125413340.0,63247010.0,158587206.0,30123404.0,void,void,206129014.0,29722999.0,6723845.0,1923182.0,void,20786556.0,223712426.0,20786556.0,187011730.0,28669163.0,void,void,void,733.1,29.5,311.0,472.5,334.8,273.9,925.4,14.9,240.2,90.7
1989,70.0,US,5.0,643643.0,37264.0,13134.0,1854.0,14975.0,1512.0,671752.0,40612.0,712364.0,void,void,void,void,void,void,324124.0,19426.0,315683.0,19269.0,85798.0,4585.0,5598.0,396.0,void,void,void,void,2316.0,164.0,void,void,0.0,0.0,24196.0,1391.0,671917.0,40646.0,361432.0,22289.0,224687.0,13772.0,671917.0,40646.0,288391.0,27824.0,27812.0,1658.0,23318.0,1335.0,17403.0,1081.0,46036.0,3513.0,3579.0,129.0,0.0,0.0,0.0,0.0,8925.0,777.0,796.0,56.0,7580.0,585.0,423840.0,36958.0,53056.0,5080.0,618.0,96.0,2937.0,320.0,14662.0,1534.0,103367.0,7919.0,131502.0,11062.0,29404.0,2877.0,void,void,0.0,0.0,0.0,0.0,9683.0,785.0,5729.0,250.0,927.0,93.0,1511.0,423.0,354971.0,30508.0,void,void,void,void,0.0,0.0,void,void,460798.0,385479.0,246819230.0,18508093.0,34713696.0,37390779.0,43236392.0,36414447.0,24633174.0,21240949.0,30681589.0,207539903.0,30143449.0,7134492.0,2001351.0,void,50756901.0,59467754.0,84700107.0,51894357.0,120277490.0,126541629.0,63456320.0,159657205.0,30681589.0,void,void,207539903.0,30143449.0,7134492.0,2001351.0,void,21648268.0,225170962.0,21648268.0,187712384.0,29005206.0,void,void,void,703.4,31.4,314.6,551.7,333.2,266.3,940.1,13.7,261.9,91.2
1990,70.0,US,5.0,699416.0,40564.0,14125.0,1870.0,16299.0,1645.0,729840.0,44079.0,773919.0,void,void,void,void,void,void,348404.0,19426.0,345940.0,19269.0,97927.0,5138.0,5847.0,396.0,void,void,void,void,2645.0,164.0,void,void,0.0,0.0,27305.0,1391.0,730141.0,40646.0,464497.0,29898.0,167717.0,9198.0,730141.0,44234.0,294877.0,28192.0,30438.0,1769.0,24688.0,1341.0,20253.0,1261.0,49989.0,4131.0,3914.0,151.0,0.0,0.0,0.0,0.0,8801.0,523.0,660.0,37.0,2721.0,382.0,436341.0,37787.0,46902.0,4386.0,312.0,73.0,3094.0,476.0,18893.0,2121.0,107913.0,8944.0,147012.0,12719.0,37332.0,4505.0,void,void,0.0,0.0,0.0,0.0,7989.0,529.0,5563.0,328.0,1436.0,206.0,6677.0,776.0,384673.0,35110.0,void,void,void,void,0.0,0.0,void,void,474128.0,419783.0,249622814.0,18856447.0,35289633.0,36921979.0,43215820.0,37783237.0,25206778.0,21101641.0,31247279.0,199827064.0,29930524.0,7226986.0,2015143.0,9710156.0,50916548.0,59788707.0,85796360.0,53121199.0,121713764.0,127909050.0,64215494.0,160886927.0,31247279.0,void,void,209366661.0,30648345.0,7549082.0,2058726.0,void,22572838.0,226897701.0,22572838.0,188725372.0,29439192.0,7092269.0,1793143.0,void,725.4,32.4,293.6,436.5,364.6,286.3,888.5,15.4,266.9,88.6
1991,70.0,US,5.0,745810.0,43802.0,14936.0,1943.0,17164.0,1906.0,777908.0,47651.0,825559.0,void,void,void,void,void,void,363274.0,22073.0,371864.0,23381.0,106979.0,5541.0,6860.0,547.0,void,void,void,void,3240.0,183.0,void,void,0.0,0.0,31312.0,1399.0,776550.0,47583.0,489128.0,31824.0,180443.0,10218.0,776550.0,47583.0,288408.0,28829.0,33852.0,2147.0,25550.0,1757.0,22744.0,1436.0,50142.0,4472.0,4026.0,149.0,0.0,0.0,0.0,0.0,9006.0,580.0,824.0,98.0,5566.0,460.0,440118.0,39928.0,41918.0,3743.0,161.0,39.0,8293.0,1425.0,18316.0,1884.0,116299.0,9972.0,153414.0,14073.0,35505.0,4311.0,void,void,0.0,0.0,0.0,0.0,9368.0,553.0,5102.0,281.0,2015.0,193.0,7614.0,656.0,399807.0,37184.0,void,void,void,void,0.0,0.0,void,void,480046.0,436991.0,252980941.0,19208046.0,36037085.0,36504705.0,43224002.0,39329466.0,25820152.0,21045861.0,31811624.0,211606011.0,31290743.0,7957219.0,2126968.0,void,51166980.0,60339238.0,87225702.0,54249021.0,123416235.0,129564706.0,65313018.0,162606993.0,31811624.0,void,void,211606011.0,31290743.0,7957219.0,2126968.0,void,23554990.0,229425951.0,23554990.0,190017764.0,30057660.0,7509679.0,1840848.0,void,700.2,36.9,299.5,399.2,348.3,246.7,890.4,15.2,268.3,91.8
1992,70.0,US,5.0,799776.0,46501.0,14522.0,1871.0,17795.0,2035.0,832093.0,50407.0,882500.0,void,void,void,void,void,void,386103.0,23162.0,399775.0,24931.0,119225.0,5793.0,7160.0,525.0,void,void,void,void,3793.0,230.0,void,void,0.0,0.0,36352.0,1645.0,833163.0,50493.0,531851.0,34343.0,182087.0,10357.0,833163.0,50493.0,304772.0,29529.0,34721.0,1986.0,26945.0,1869.0,26496.0,1595.0,44416.0,3933.0,4843.0,206.0,0.0,0.0,0.0,0.0,9312.0,719.0,999.0,55.0,3111.0,249.0,455615.0,40141.0,45022.0,3949.0,203.0,40.0,8008.0,1203.0,20787.0,2309.0,117176.0,9660.0,155241.0,14854.0,33342.0,4362.0,void,void,0.0,0.0,0.0,0.0,9994.0,712.0,5854.0,347.0,968.0,235.0,10349.0,402.0,408959.0,38146.0,void,void,void,void,0.0,0.0,void,void,495756.0,447105.0,256514224.0,19528041.0,36676867.0,36434242.0,42996970.0,39976334.0,27547718.0,20998058.0,32355994.0,213945622.0,31979982.0,8386444.0,2202176.0,void,51447656.0,60928804.0,88704251.0,55433513.0,125247146.0,131267078.0,66509177.0,164462097.0,32355994.0,void,void,213945622.0,31979982.0,8386444.0,2202176.0,void,24619345.0,231894879.0,24619345.0,191335711.0,30719969.0,7947196.0,1892003.0,void,633.3,35.5,293.6,415.7,324.5,211.2,836.6,13.4,274.1,93.3
1993,70.0,US,5.0,878037.0,54037.0,14569.0,2134.0,18438.0,2086.0,911044.0,58257.0,969301.0,void,void,void,void,void,void,406632.0,25148.0,429278.0,27292.0,131978.0,6721.0,7726.0,574.0,void,void,void,void,5114.0,294.0,void,void,0.0,0.0,43135.0,1753.0,891885.0,55061.0,565030.0,37386.0,194877.0,10954.0,891885.0,55061.0,310565.0,31157.0,32062.0,2294.0,28621.0,2062.0,28807.0,1851.0,47638.0,4377.0,5084.0,271.0,0.0,0.0,0.0,0.0,11892.0,980.0,606.0,47.0,9503.0,745.0,474778.0,43784.0,56575.0,5463.0,538.0,111.0,6043.0,906.0,20587.0,2522.0,124448.0,10331.0,150987.0,14207.0,28851.0,3840.0,void,void,0.0,0.0,0.0,0.0,13119.0,916.0,5388.0,301.0,991.0,115.0,7023.0,544.0,417058.0,39350.0,void,void,void,void,0.0,0.0,void,void,518562.0,456408.0,259918588.0,19729275.0,37367359.0,36463777.0,42652396.0,40911550.0,28863949.0,21028471.0,32901811.0,216187073.0,32634735.0,8814728.0,2282052.0,void,51777957.0,61484354.0,90218014.0,56438263.0,126970600.0,132947988.0,67594938.0,166375881.0,32901811.0,void,void,216187073.0,32634735.0,8814728.0,2282052.0,void,25776661.0,234141927.0,25776661.0,192470910.0,31344132.0,8382347.0,1944538.0,void,586.6,38.6,279.7,433.3,279.5,199.5,805.8,10.8,275.4,100.9
1994,70.0,US,5.0,956566.0,60125.0,13765.0,2067.0,19975.0,2204.0,990306.0,64396.0,1054702.0,void,void,void,void,void,void,436453.0,27714.0,471583.0,30089.0,149552.0,7356.0,8515.0,768.0,void,void,void,void,5705.0,300.0,void,void,0.0,0.0,68178.0,5469.0,990434.0,64340.0,652501.0,43230.0,188381.0,13754.0,990434.0,64340.0,313850.0,31185.0,36998.0,2551.0,31878.0,2258.0,29053.0,2048.0,60845.0,5343.0,4241.0,270.0,0.0,0.0,0.0,0.0,12320.0,1026.0,571.0,204.0,6208.0,585.0,495964.0,45470.0,61637.0,6150.0,550.0,94.0,4013.0,392.0,19199.0,2388.0,138985.0,12165.0,135672.0,13332.0,28106.0,3173.0,void,void,0.0,0.0,0.0,0.0,13233.0,1074.0,4577.0,281.0,735.0,66.0,7541.0,568.0,417136.0,39806.0,void,void,void,void,0.0,0.0,void,void,541434.0,456942.0,263125821.0,19776862.0,38025965.0,36531873.0,42329554.0,41818866.0,30152761.0,21159137.0,33330803.0,218304774.0,33258981.0,9200988.0,2361078.0,void,52036206.0,61970726.0,91749057.0,57369832.0,128597479.0,134528342.0,68640935.0,168320633.0,33330803.0,void,void,218304774.0,33258981.0,9200988.0,2361078.0,void,26945933.0,236179888.0,26945933.0,193468650.0,31940211.0,8776213.0,1994814.0,void,526.2,48.8,283.6,513.6,271.0,205.9,810.1,9.6,282.1,98.6
1995,70.0,US,5.0,1021059.0,63963.0,14590.0,2081.0,21757.0,2424.0,1057406.0,68468.0,1125874.0,void,void,void,void,void,void,425796.0,29225.0,510760.0,33245.0,166221.0,8073.0,9302.0,874.0,void,void,void,void,6143.0,340.0,void,void,0.0,0.0,105809.0,4793.0,1057810.0,68477.0,754699.0,51715.0,136890.0,8689.0,1057810.0,68477.0,326403.0,35061.0,31635.0,2365.0,34361.0,2686.0,30538.0,2192.0,68740.0,6124.0,2581.0,122.0,0.0,0.0,0.0,0.0,9685.0,1031.0,681.0,58.0,7700.0,769.0,512316.0,50408.0,75821.0,7924.0,395.0,48.0,3476.0,417.0,23527.0,3065.0,163451.0,15497.0,134199.0,15125.0,17600.0,2019.0,void,void,0.0,0.0,0.0,0.0,9925.0,949.0,3105.0,225.0,618.0,60.0,10339.0,715.0,445652.0,46206.0,void,void,void,void,0.0,0.0,void,void,562724.0,491858.0,266278393.0,19626505.0,38645220.0,36674212.0,42052123.0,42710768.0,31480239.0,21320022.0,33769304.0,220384783.0,33847306.0,9604552.0,2441752.0,void,52278383.0,62473250.0,93249180.0,58277580.0,130215371.0,136063022.0,69473139.0,170364628.0,33769304.0,void,void,220384783.0,33847306.0,9604552.0,2441752.0,void,28157801.0,238120592.0,28157801.0,194388780.0,32500056.0,9187551.0,2044205.0,void,539.3,56.3,281.1,554.3,265.9,223.4,799.4,9.7,286.0,91.6
1996,70.0,US,5.0,1068123.0,69599.0,17300.0,2750.0,21686.0,2462.0,1107109.0,74810.0,1181919.0,void,void,void,void,void,void,446136.0,32172.0,530140.0,35409.0,177520.0,9241.0,10434.0,959.0,void,void,void,void,7154.0,428.0,void,void,0.0,0.0,110703.0,5563.0,1105945.0,74579.0,784837.0,55784.0,121215.0,8451.0,1084950.0,73524.0,317989.0,35904.0,24180.0,1803.0,35087.0,2843.0,29979.0,2403.0,72112.0,6904.0,3168.0,159.0,0.0,0.0,0.0,0.0,8762.0,1046.0,567.0,60.0,10979.0,2053.0,502823.0,53169.0,88300.0,9115.0,561.0,67.0,4801.0,591.0,25400.0,3388.0,162697.0,15909.0,129769.0,13912.0,16916.0,1817.0,void,void,0.0,0.0,0.0,0.0,8520.0,917.0,2578.0,205.0,663.0,76.0,13200.0,1566.0,456599.0,47690.0,void,void,void,void,0.0,0.0,void,void,555992.0,504289.0,269394284.0,19408272.0,39295639.0,36796805.0,41809305.0,43551263.0,32799965.0,21589986.0,34143049.0,222420050.0,34415478.0,10023883.0,2534873.0,void,52513334.0,62944737.0,94717153.0,59219060.0,131807484.0,137586800.0,70233512.0,172662963.0,34143049.0,void,void,222420050.0,34415478.0,10023883.0,2534873.0,void,29463458.0,239930826.0,29463458.0,195173744.0,33042160.0,9614039.0,2100883.0,void,544.7,68.7,312.8,559.1,266.8,251.5,759.3,10.3,258.7,80.3
1997,70.0,US,5.0,1120544.0,73790.0,18398.0,2882.0,22526.0,2519.0,1161468.0,79191.0,1240659.0,void,void,void,void,void,void,470946.0,34567.0,553370.0,37084.0,188827.0,9846.0,11367.0,1006.0,5975.0,309.0,1889.0,232.0,void,void,void,void,0.0,0.0,118219.0,5998.0,1161766.0,79196.0,825211.0,59360.0,147728.0,9990.0,1161766.0,79196.0,327933.0,37152.0,24534.0,1885.0,34851.0,2830.0,30614.0,2564.0,84370.0,8117.0,2840.0,247.0,0.0,0.0,0.0,0.0,7883.0,926.0,788.0,137.0,14311.0,2195.0,528124.0,56053.0,94925.0,9436.0,303.0,40.0,4578.0,614.0,27219.0,3810.0,177128.0,18151.0,125493.0,14051.0,18318.0,1906.0,void,void,0.0,0.0,0.0,0.0,7361.0,749.0,3093.0,213.0,657.0,95.0,14987.0,2611.0,477042.0,51806.0,void,void,void,void,0.0,0.0,void,void,584177.0,528848.0,272646925.0,19232671.0,39854729.0,37307767.0,41344963.0,44228415.0,34177508.0,22099311.0,34401561.0,224553464.0,35007679.0,10459307.0,2626475.0,void,52745365.0,63344954.0,96245085.0,60311521.0,133473526.0,139173399.0,70920737.0,175173297.0,34401561.0,void,void,224553464.0,35007679.0,10459307.0,2626475.0,void,30895896.0,241751029.0,30895896.0,195934009.0,33607186.0,10056689.0,2153145.0,void,541.8,67.0,297.5,580.8,269.5,233.4,739.3,10.6,251.5,80.3
1998,70.0,US,5.0,1177243.0,79231.0,21700.0,3186.0,23330.0,2464.0,1222273.0,84881.0,1307154.0,void,void,void,void,void,void,495593.0,37645.0,577289.0,38817.0,198154.0,10183.0,12241.0,1155.0,6325.0,370.0,2104.0,205.0,void,void,void,void,0.0,0.0,121417.0,5935.0,1214969.0,84127.0,859082.0,63016.0,136301.0,9788.0,1214969.0,84127.0,341573.0,40073.0,23999.0,2275.0,35073.0,3093.0,32536.0,2916.0,98845.0,11045.0,4106.0,435.0,0.0,0.0,0.0,0.0,6345.0,830.0,752.0,93.0,10012.0,1225.0,553241.0,61985.0,108450.0,12409.0,333.0,71.0,4254.0,569.0,32050.0,5114.0,191277.0,19858.0,122372.0,14094.0,19100.0,2185.0,void,void,0.0,0.0,0.0,0.0,5835.0,695.0,4431.0,425.0,702.0,95.0,11992.0,1691.0,503675.0,57345.0,void,void,void,void,0.0,0.0,void,void,615226.0,561020.0,275854104.0,19144923.0,40335509.0,38006835.0,40756512.0,44748354.0,35231857.0,23010955.0,34619159.0,226648119.0,35594140.0,10885809.0,2726036.0,void,53022824.0,63715930.0,97722335.0,61393015.0,135129904.0,140724200.0,71431406.0,177751976.0,34619159.0,void,void,226648119.0,35594140.0,10885809.0,2726036.0,void,32382865.0,243471239.0,32382865.0,196603242.0,34168672.0,10489983.0,2209342.0,void,508.5,68.1,252.3,565.2,257.5,228.5,654.6,11.0,233.8,69.1
1999,70.0,US,5.0,1221712.0,82369.0,26944.0,5447.0,25606.0,2612.0,1273258.0,90428.0,1363686.0,49924.0,5200.0,13517.0,319.0,void,void,539406.0,42326.0,597462.0,40528.0,208154.0,10550.0,13322.0,1258.0,7005.0,443.0,2114.0,263.0,void,void,void,void,103487.0,4742.0,8119.0,569.0,1270915.0,90129.0,966498.0,72858.0,39959.0,3155.0,1274359.0,90535.0,336871.0,38925.0,25555.0,2575.0,42337.0,3857.0,28993.0,2824.0,87444.0,8578.0,3569.0,389.0,1796.0,215.0,4196.0,507.0,void,void,468.0,35.0,25270.0,2996.0,564001.0,61806.0,112712.0,11416.0,242.0,54.0,3996.0,503.0,30468.0,4056.0,202476.0,21568.0,116230.0,13596.0,28193.0,3719.0,3004.0,113.0,2256.0,283.0,3064.0,247.0,void,void,2138.0,213.0,613.0,60.0,19836.0,1769.0,525366.0,57647.0,1205286.0,80263.0,568206.0,62540.0,529479.0,58364.0,1250222.0,85085.0,625807.0,583013.0,279040168.0,19135544.0,40819824.0,38676031.0,40178406.0,45076677.0,36577819.0,23778026.0,34797841.0,228687790.0,36173121.0,11346496.0,2832761.0,void,53343775.0,64100061.0,99164460.0,62431872.0,136802873.0,142237295.0,71946049.0,180347807.0,34797841.0,void,void,228687790.0,36173121.0,11346496.0,2832761.0,void,33937795.0,245102373.0,33937795.0,197154118.0,34722236.0,10957343.0,2268676.0,void,541.6,59.9,226.9,549.1,235.1,235.8,589.3,10.8,217.6,61.8
2000,70.0,US,5.0,1249130.0,85044.0,25483.0,5626.0,26114.0,2564.0,1300997.0,93234.0,1394231.0,60008.0,7202.0,24220.0,149.0,void,void,483637.0,41080.0,597595.0,39505.0,207998.0,10690.0,13770.0,1390.0,7359.0,492.0,2324.0,310.0,void,void,void,void,7243.0,370.0,1201.0,113.0,1321127.0,93948.0,void,void,void,void,void,void,348441.0,41293.0,19788.0,1870.0,50937.0,4674.0,23888.0,2385.0,95188.0,9025.0,5601.0,192.0,1574.0,170.0,3580.0,426.0,void,void,482.0,46.0,50072.0,6445.0,599551.0,66526.0,127445.0,13630.0,346.0,68.0,6065.0,782.0,30354.0,4455.0,200696.0,21263.0,123015.0,14640.0,28745.0,3449.0,2892.0,132.0,1696.0,199.0,2959.0,314.0,void,void,2363.0,437.0,763.0,81.0,50720.0,5553.0,578058.0,65003.0,1217519.0,81877.0,593526.0,65652.0,572282.0,64152.0,1236498.0,83140.0,666077.0,643061.0,282162411.0,19178293.0,41101548.0,39411622.0,39804497.0,45168843.0,37998974.0,24429066.0,35069568.0,211460626.0,34658190.0,10641833.0,2475956.0,22185301,53666295.0,64491431.0,100565549.0,63439136.0,138443407.0,143719004.0,72376189.0,182825698.0,35069568.0,174716654,64344519,228530479.0,35814706.0,11173178.0,2684491.0,3959557,35661885.0,246503959.0,35661885.0,195701752,34405800,10838983,2101969,3452022,521.4,54.8,226.4,559.8,226.0,242.1,574.5,11.5,211.9,56.4
2001,70.0,US,5.0,1260033.0,85184.0,25726.0,5400.0,25162.0,2374.0,1311053.0,92979.0,1404032.0,59926.0,5723.0,20525.0,247.0,void,void,504868.0,43075.0,597761.0,38757.0,170636.0,7974.0,14607.0,1478.0,7897.0,559.0,2423.0,314.0,void,void,void,void,7274.0,378.0,960.0,87.0,1306522.0,92622.0,void,void,void,void,void,void,361887.0,43535.0,33603.0,2791.0,128904.0,11880.0,9182.0,983.0,30277.0,2444.0,3878.0,269.0,1448.0,196.0,3065.0,363.0,void,void,509.0,50.0,11707.0,1226.0,584460.0,63737.0,140012.0,15356.0,755.0,156.0,5042.0,686.0,37910.0,6263.0,208211.0,21305.0,132114.0,15119.0,15873.0,1654.0,3167.0,122.0,1613.0,211.0,2407.0,280.0,void,void,2224.0,200.0,2819.0,276.0,19533.0,2253.0,571680.0,63881.0,1245478.0,86759.0,618836.0,67967.0,620875.0,70936.0,1235740.0,83340.0,648197.0,635561.0,284968955.0,19298217.0,41152040.0,40213570.0,39471522.0,45051752.0,39386268.0,25105295.0,35290291.0,230049196.0,36263029.0,11669880.0,2769731.0,4217119,53915522.0,64776531.0,101849575.0,64427327.0,139891492.0,145077463.0,72671175.0,185144529.0,35290291.0,177007489,64534135,230049196.0,36263029.0,11669880.0,2769731.0,4217119,37144096.0,247824859.0,37144096.0,195974813,34780280,11309135,2119929,3640702,503.5,50.1,218.1,556.9,217.1,214.3,567.9,9.8,210.5,58.2
2002,70.0,US,5.0,1291450.0,89066.0,26619.0,6071.0,25055.0,2394.0,1342513.0,97631.0,1440144.0,61039.0,5838.0,20309.0,1184.0,void,void,520602.0,46541.0,599704.0,38327.0,176745.0,8523.0,15068.0,1624.0,8184.0,621.0,2604.0,337.0,void,void,void,void,7145.0,373.0,1506.0,82.0,1332154.0,96428.0,void,void,void,void,void,void,386094.0,47865.0,33365.0,2655.0,113379.0,10608.0,18418.0,1778.0,30565.0,2687.0,2979.0,224.0,1743.0,239.0,2638.0,329.0,void,void,535.0,44.0,11351.0,1232.0,601077.0,67661.0,139848.0,15179.0,895.0,157.0,4609.0,605.0,42454.0,7323.0,203882.0,20389.0,134395.0,15370.0,18108.0,2075.0,3191.0,139.0,1768.0,244.0,1956.0,240.0,void,void,1887.0,301.0,4113.0,387.0,18623.0,2205.0,575729.0,64620.0,1256573.0,84483.0,602521.0,67911.0,578644.0,66214.0,1283727.0,88324.0,668738.0,640349.0,287625193.0,19429192.0,41133838.0,40854135.0,39349646.0,44640649.0,39992194.0,26703332.0,35522207.0,231446915.0,36684650.0,12156530.0,2857113.0,4479985,54143915.0,65018293.0,103150787.0,65312198.0,141230559.0,146394634.0,72936457.0,187442080.0,35522207.0,179166529,64660906,231446915.0,36684650.0,12156530.0,2857113.0,4479985,38617620.0,249007573.0,38617620.0,196140540,35130061,11768587,2136918,3831467,508.2,49.1,232.9,535.0,199.1,227.3,561.1,9.5,205.9,57.2
2003,70.0,US,5.0,1315790.0,92571.0,25151.0,5761.0,25872.0,2436.0,1367755.0,100846.0,1468601.0,61462.0,5028.0,22354.0,1279.0,void,void,542030.0,50244.0,604155.0,38306.0,183682.0,9007.0,15588.0,1713.0,8705.0,698.0,3657.0,435.0,void,void,void,void,6974.0,327.0,1472.0,135.0,1366263.0,100865.0,void,void,void,void,void,void,397275.0,48281.0,18266.0,1571.0,41803.0,3889.0,35702.0,3329.0,88862.0,11640.0,6516.0,173.0,1775.0,210.0,2384.0,282.0,void,void,3073.0,385.0,28708.0,3687.0,624431.0,73447.0,138772.0,14978.0,622.0,104.0,8401.0,730.0,50474.0,7053.0,198609.0,19676.0,123098.0,14410.0,28012.0,3439.0,3363.0,142.0,1943.0,192.0,1808.0,161.0,void,void,1941.0,229.0,4813.0,610.0,34941.0,4327.0,596804.0,66053.0,1274589.0,85466.0,616212.0,72789.0,589221.0,69354.0,1301780.0,88902.0,697878.0,662857.0,290107933.0,19592446.0,41036204.0,41388854.0,39243795.0,44154206.0,40819954.0,28008945.0,35863529.0,232717191.0,37066096.0,12625915.0,2947575.0,4751156,54334453.0,65276954.0,104380188.0,66116338.0,142428897.0,147679036.0,73100758.0,189443100.0,35863529.0,181143646,64801304,232717191.0,37066096.0,12625915.0,2947575.0,4751156,40049429.0,250058504.0,40049429.0,196232760,35438251,12209073,2152127,4026293,499.2,47.0,220.4,578.5,189.1,211.0,553.3,10.0,196.7,57.9
2004,70.0,US,5.0,1337730.0,95998.0,26586.0,5974.0,26896.0,2727.0,1392278.0,104822.0,1497100.0,61720.0,5279.0,24191.0,1379.0,void,void,554783.0,53868.0,608774.0,37866.0,187868.0,9560.0,16522.0,1919.0,8826.0,735.0,2989.0,390.0,void,void,void,void,7998.0,415.0,1552.0,81.0,1389315.0,104834.0,void,void,void,void,void,void,405203.0,51893.0,23872.0,2211.0,54706.0,5132.0,34683.0,3458.0,93989.0,8160.0,3161.0,204.0,1912.0,202.0,2289.0,191.0,void,void,468.0,55.0,11615.0,1621.0,636166.0,73412.0,145498.0,15484.0,346.0,75.0,4940.0,519.0,52454.0,9480.0,219395.0,23528.0,127538.0,14122.0,32655.0,4043.0,3232.0,156.0,1908.0,203.0,2061.0,203.0,void,void,3590.0,420.0,1169.0,199.0,15620.0,1749.0,610406.0,70181.0,1171730.0,82758.0,634546.0,73324.0,605743.0,70459.0,1187308.0,85201.0,709578.0,680587.0,292805298.0,19785885.0,40865917.0,41948112.0,39266556.0,43800275.0,41629930.0,29305304.0,36203319.0,234120447.0,37510582.0,13090057.0,3044517.0,5039695,54423533.0,65532305.0,105883977.0,66965483.0,143828012.0,148977286.0,73297735.0,191685314.0,36203319.0,183304244,64916665,234120447.0,37510582.0,13090057.0,3044517.0,5039695,41501375.0,251303923.0,41501375.0,196461761,35797599,12641171,2169359,4234033,489.5,46.9,224.6,596.5,188.8,209.2,561.5,12.4,191.4,60.0
2005,70.0,US,5.0,1364178.0,98688.0,26733.0,6109.0,27480.0,2721.0,1418392.0,107518.0,1525910.0,66628.0,6486.0,32565.0,1754.0,void,void,578574.0,57481.0,613017.0,36502.0,187631.0,10081.0,16777.0,2101.0,8769.0,817.0,2993.0,407.0,void,void,72.0,15.0,8908.0,447.0,1918.0,136.0,1419019.0,107996.0,void,void,void,void,void,void,414322.0,55827.0,26462.0,2378.0,61645.0,5785.0,36253.0,3666.0,94423.0,8948.0,3393.0,201.0,1867.0,183.0,1924.0,243.0,void,void,1463.0,159.0,17162.0,1648.0,661487.0,79313.0,155976.0,17960.0,387.0,73.0,4558.0,697.0,50934.0,8931.0,226710.0,25371.0,131046.0,15098.0,34663.0,4722.0,3326.0,153.0,965.0,96.0,1792.0,233.0,void,void,3942.0,329.0,2168.0,295.0,16687.0,1877.0,633149.0,75835.0,1172882.0,85781.0,666865.0,78866.0,635227.0,75968.0,1205450.0,88242.0,740800.0,708984.0,295516599.0,19917400.0,40601646.0,42446169.0,39258647.0,43505538.0,42495904.0,30641497.0,36649798.0,235491577.0,37961688.0,13576467.0,3147772.0,5339095,54451230.0,65751872.0,107479771.0,67833726.0,145197078.0,150319521.0,73523669.0,193890786.0,36649798.0,185343132,64976015,235491577.0,37961688.0,13576467.0,3147772.0,5339095,43023614.0,252492985.0,43023614.0,196620983,36147348,13092024,2186123,4446507,464.2,47.7,229.5,624.8,188.2,202.3,544.6,11.2,195.6,65.5
2006,70.0,US,5.0,1401261.0,103337.0,27623.0,5920.0,27482.0,3069.0,1456366.0,112308.0,1568674.0,72241.0,6487.0,33614.0,1355.0,void,void,589728.0,60437.0,625842.0,36860.0,194639.0,10687.0,18105.0,2196.0,8750.0,912.0,2996.0,422.0,void,void,73.0,31.0,9500.0,513.0,2164.0,157.0,1451014.0,111923.0,void,void,void,void,void,void,433545.0,58770.0,46937.0,4365.0,126554.0,11757.0,14283.0,1810.0,37458.0,3407.0,1633.0,143.0,1885.0,248.0,1830.0,242.0,void,void,1094.0,90.0,6091.0,870.0,672498.0,81698.0,169882.0,20085.0,516.0,61.0,2844.0,332.0,43485.0,8202.0,236333.0,26098.0,135655.0,16524.0,29178.0,4475.0,3241.0,134.0,937.0,108.0,1778.0,231.0,void,void,3351.0,299.0,2740.0,318.0,8717.0,1054.0,635656.0,77875.0,1083224.0,78778.0,638735.0,78037.0,602463.0,156834.0,1105376.0,81612.0,754196.0,713531.0,298379912.0,19938883.0,40577826.0,42843844.0,39395179.0,43243801.0,43286159.0,31930113.0,37164107.0,236954818.0,38443048.0,14066685.0,3258666.0,5656695,54522659.0,66028555.0,109076933.0,68751765.0,146647265.0,151732647.0,73757714.0,196292581.0,37164107.0,187458091,64923224,236954818.0,38443048.0,14066685.0,3258666.0,5656695,44606305.0,253773607.0,44606305.0,196832697,36520961,13545366,2203091,4671492,489.5,51.2,235.8,633.4,185.4,216.4,516.2,12.2,196.7,67.3
2007,70.0,US,5.0,1427088.0,105763.0,27794.0,5781.0,27642.0,2767.0,1482524.0,114311.0,1596835.0,75489.0,7090.0,40126.0,1445.0,void,void,591748.0,61941.0,638932.0,36837.0,205474.0,10980.0,18092.0,2342.0,9309.0,955.0,3040.0,433.0,void,void,150.0,29.0,9318.0,427.0,2927.0,208.0,1479007.0,114152.0,void,void,void,void,void,void,423307.0,56403.0,48508.0,4406.0,136382.0,12528.0,16818.0,2129.0,28645.0,3359.0,2811.0,237.0,2994.0,307.0,1470.0,178.0,void,void,1847.0,196.0,7391.0,956.0,672950.0,81194.0,168204.0,19643.0,110.0,14.0,10073.0,1349.0,44968.0,8716.0,235486.0,25889.0,140602.0,17095.0,28821.0,4149.0,3431.0,143.0,1176.0,97.0,1561.0,212.0,void,void,2945.0,210.0,2552.0,321.0,8674.0,921.0,648601.0,78759.0,1244481.0,92969.0,673005.0,81172.0,648546.0,78771.0,1260983.0,91543.0,754144.0,727360.0,301231207.0,20125962.0,40555653.0,43145815.0,39713463.0,42796230.0,43939939.0,33128434.0,37825711.0,238378087.0,38935533.0,14547694.0,3377213.0,5992680,54653362.0,66293689.0,110688742.0,69595414.0,148064854.0,153166353.0,74019405.0,198359386.0,37825711.0,189386091,65046110,238378087.0,38935533.0,14547694.0,3377213.0,5992680,46196853.0,255034354.0,46196853.0,197011394,36905758,13987653,2220301,4909248,473.9,47.5,235.4,611.2,195.7,210.4,534.5,11.2,190.6,62.7
2008,70.0,US,5.0,1441384.0,106358.0,27396.0,5778.0,24890.0,2476.0,1493670.0,114612.0,1608282.0,79323.0,7320.0,41319.0,1520.0,void,void,599245.0,61674.0,642330.0,35943.0,201158.0,10699.0,18128.0,2367.0,8969.0,946.0,3373.0,471.0,void,void,381.0,57.0,9645.0,424.0,2604.0,149.0,1485815.0,112730.0,void,void,void,void,void,void,421048.0,56052.0,47623.0,4229.0,139859.0,12960.0,16549.0,2065.0,26807.0,2943.0,2104.0,161.0,1664.0,189.0,1227.0,184.0,void,void,1982.0,285.0,5450.0,779.0,669667.0,80725.0,182047.0,21237.0,474.0,62.0,10759.0,1457.0,42587.0,8292.0,229849.0,24826.0,139699.0,17255.0,37423.0,5419.0,3570.0,176.0,755.0,41.0,1461.0,233.0,void,void,2550.0,294.0,2164.0,226.0,5751.0,871.0,660426.0,80550.0,1250424.0,93669.0,664376.0,80074.0,655798.0,79831.0,1253613.0,93287.0,750392.0,740976.0,304093966.0,20271127.0,40636257.0,43391492.0,40207473.0,42192486.0,44460447.0,34157063.0,38777621.0,239783014.0,39429414.0,15030973.0,3504878.0,6345687,54875926.0,66523935.0,112184930.0,70509175.0,149489951.0,154604015.0,74104602.0,200089979.0,38777621.0,191211743,65226366,239783014.0,39429414.0,15030973.0,3504878.0,6345687,47793785.0,256300181.0,47793785.0,197183535,37290709,14430437,2237304,5158196,487.8,43.8,225.6,559.9,200.9,205.8,554.9,11.1,188.2,59.1
2009,70.0,US,5.0,1448239.0,105335.0,28760.0,5736.0,25003.0,2414.0,1502002.0,113485.0,1615487.0,80249.0,7255.0,40397.0,1432.0,void,void,603761.0,62819.0,644219.0,35038.0,207097.0,10867.0,18532.0,2531.0,9470.0,1026.0,3220.0,471.0,void,void,285.0,53.0,8356.0,387.0,3643.0,166.0,1498583.0,113338.0,void,void,void,void,void,void,420975.0,54022.0,45213.0,3847.0,130284.0,11933.0,16404.0,1908.0,29486.0,3272.0,2009.0,158.0,1831.0,187.0,1045.0,119.0,void,void,4645.0,438.0,5456.0,803.0,659689.0,77107.0,178982.0,20521.0,467.0,64.0,9870.0,1420.0,45024.0,8649.0,226992.0,24109.0,144498.0,17161.0,34080.0,4991.0,3144.0,138.0,888.0,60.0,1566.0,331.0,void,void,6135.0,263.0,4436.0,424.0,4322.0,457.0,660404.0,78588.0,1270096.0,94808.0,658167.0,76604.0,658928.0,78063.0,1263302.0,93198.0,736796.0,738992.0,306771529.0,20244518.0,40843063.0,43576932.0,40723342.0,41487811.0,44867088.0,35405600.0,39623175.0,241034399.0,39902270.0,15491716.0,3636766.0,6706378,55133101.0,66748437.0,113548615.0,71341376.0,150807454.0,155964075.0,74134167.0,201800866.0,39623175.0,193014187,65347488,241034399.0,39902270.0,15491716.0,3636766.0,6706378,49327489.0,257444040.0,49327489.0,197274549,37656592,14849062,2252408,5411429,469.5,36.7,213.6,542.3,193.7,185.9,563.4,10.9,182.7,54.2
2010,70.0,US,5.0,1447766.0,104903.0,26787.0,5575.0,24356.0,2330.0,1500936.0,112867.0,1613803.0,83832.0,6818.0,35729.0,1566.0,void,void,603827.0,63450.0,635808.0,33721.0,207808.0,10733.0,18891.0,2680.0,9268.0,960.0,3121.0,481.0,void,void,482.0,106.0,8063.0,358.0,3440.0,159.0,1490866.0,112753.0,void,void,void,void,void,void,404876.0,53484.0,42737.0,3617.0,127805.0,10523.0,14613.0,1829.0,27895.0,2898.0,2540.0,0.0,990.0,46.0,1211.0,131.0,void,void,4275.0,407.0,7741.0,1098.0,634696.0,74227.0,169973.0,19380.0,453.0,63.0,9869.0,1421.0,52727.0,9739.0,212635.0,21398.0,141498.0,16193.0,33411.0,4941.0,3355.0,151.0,686.0,50.0,1488.0,314.0,void,void,2724.0,269.0,4461.0,390.0,3126.0,443.0,639055.0,75176.0,1272042.0,93866.0,584441.0,69287.0,591174.0,70343.0,1264582.0,92680.0,708923.0,714231.0,309327143.0,20188815.0,41011834.0,43682397.0,41210814.0,40980472.0,44986392.0,36782718.0,40478224.0,242235328.0,40355385.0,15261408.0,3752274.0,7039225,55380764.0,66975328.0,114869421.0,72101630.0,152074758.0,157246908.0,74120666.0,203411942.0,40478224.0,194722776,65431500,242235328.0,40355385.0,15261408.0,3752274.0,7039225,50742885.0,258578781.0,50742885.0,197388592,38013471,14760994,2268775,5647090,456.6,30.6,198.9,529.8,181.3,165.8,531.5,10.4,172.0,51.4
2011,70.0,US,5.0,1435141.0,103706.0,27507.0,5331.0,23119.0,2313.0,1487561.0,111407.0,1598968.0,82734.0,6293.0,40375.0,1570.0,void,void,608885.0,64394.0,630651.0,31995.0,204376.0,10334.0,18901.0,2588.0,9339.0,1011.0,3288.0,472.0,void,void,469.0,80.0,7501.0,293.0,2353.0,184.0,1485763.0,111351.0,void,void,void,void,void,void,402266.0,52260.0,36437.0,2587.0,110109.0,8931.0,12425.0,1202.0,30050.0,3556.0,2900.0,258.0,578.0,38.0,1298.0,179.0,void,void,2177.0,244.0,7956.0,1351.0,606184.0,70609.0,179056.0,20404.0,271.0,17.0,2466.0,388.0,53837.0,10305.0,190542.0,17657.0,145639.0,16562.0,34852.0,5287.0,3561.0,152.0,1043.0,126.0,1799.0,217.0,void,void,1775.0,274.0,2665.0,259.0,6105.0,1047.0,623611.0,72695.0,1262814.0,92859.0,548000.0,64809.0,568116.0,66496.0,1239903.0,90430.0,676793.0,696306.0,311583481.0,20123103.0,41045296.0,43817679.0,41794054.0,40633299.0,44725716.0,38067712.0,41350015.0,243292145.0,40783547.0,15721072.0,3801451.0,7266443,55608318.0,67164092.0,116019483.0,72791588.0,153200058.0,158356816.0,73907524.0,204880180.0,41350015.0,196299335,65326679,243292145.0,40783547.0,15721072.0,3801451.0,7266443,51857244.0,259699630.0,51857244.0,197486399,38379378,15210462,2289536,5823185,390.0,24.7,186.9,491.5,171.5,160.7,526.4,9.4,165.4,49.3
2012,70.0,US,5.0,1411076.0,101354.0,25996.0,5020.0,24275.0,2391.0,1461625.0,108772.0,1570397.0,79060.0,5308.0,50198.0,2654.0,void,void,533731.0,59863.0,605355.0,29394.0,261023.0,13453.0,18211.0,2561.0,8818.0,813.0,3101.0,414.0,void,void,382.0,74.0,7167.0,321.0,2557.0,173.0,1440346.0,107067.0,void,void,void,void,void,void,391829.0,52385.0,29585.0,1891.0,69058.0,6101.0,11473.0,995.0,30097.0,3524.0,2598.0,218.0,648.0,86.0,1461.0,175.0,void,void,2430.0,294.0,7291.0,1489.0,546472.0,66865.0,188325.0,21127.0,84.0,11.0,3212.0,416.0,52944.0,10489.0,124542.0,11718.0,149938.0,18414.0,34352.0,5125.0,3517.0,164.0,826.0,113.0,1423.0,176.0,void,void,2937.0,600.0,3338.0,335.0,7489.0,1175.0,572961.0,69859.0,1438501.0,104479.0,546472.0,66865.0,573058.0,69867.0,1406706.0,101208.0,613337.0,642820.0,313877662.0,19976065.0,41136885.0,43955174.0,42290999.0,40510928.0,44256152.0,38574424.0,43130363.0,244354778.0,41225339.0,16195092.0,3853222.0,7495899,55782661.0,67348275.0,117264196.0,73482530.0,154374397.0,159456593.0,73696664.0,205444520.0,43130363.0,197003963,65256107,244354778.0,41225339.0,16195092.0,3853222.0,7495899,52926701.0,260904289.0,52926701.0,197639572,38756150,15673926,2311213,6001907,408.8,22.4,173.3,494.7,162.9,140.7,524.6,8.6,160.3,47.6
2013,70.0,US,5.0,1416102.0,104301.0,33387.0,5920.0,22485.0,2152.0,1465592.0,111358.0,1576950.0,76825.0,3960.0,49636.0,2942.0,void,void,534515.0,61753.0,600123.0,28884.0,261032.0,13691.0,17094.0,2516.0,9056.0,829.0,2721.0,368.0,void,void,408.0,61.0,9113.0,445.0,3034.0,195.0,1437307.0,108777.0,void,void,void,void,void,void,398815.0,56004.0,28338.0,1911.0,71117.0,6930.0,10811.0,978.0,33880.0,4178.0,2130.0,152.0,462.0,77.0,1300.0,161.0,void,void,4320.0,470.0,10504.0,1706.0,561677.0,72567.0,153297.0,17605.0,182.0,16.0,2500.0,371.0,54439.0,11217.0,123200.0,12287.0,147262.0,19465.0,27366.0,4649.0,3399.0,135.0,610.0,116.0,1128.0,175.0,void,void,3466.0,428.0,3458.0,370.0,39356.0,3416.0,559704.0,70245.0,1204333.0,88200.0,561677.0,72567.0,557098.0,69617.0,1229962.0,91665.0,634244.0,629949.0,316059947.0,19849215.0,41218213.0,43989690.0,42834450.0,40444961.0,43749928.0,39277803.0,44629455.0,245308889.0,41651863.0,16679752.0,3902766.0,7728870,55912775.0,67576524.0,118397213.0,74173435.0,155481926.0,160511789.0,73568702.0,206149020.0,44629455.0,197795558,65215240,245308889.0,41651863.0,16679752.0,3902766.0,7728870,53990334.0,262003381.0,53990334.0,197690405,39117317,16147839,2331890,6183030,369.3,17.8,148.1,475.0,140.4,112.3,493.5,8.2,146.7,43.6
2014,70.0,US,5.0,1401685.0,106096.0,25067.0,4659.0,22318.0,2266.0,1449291.0,113028.0,1562319.0,75873.0,4294.0,48491.0,3065.0,void,void,542395.0,64883.0,600209.0,28587.0,261405.0,14457.0,19830.0,2930.0,9360.0,889.0,2750.0,318.0,void,void,699.0,99.0,9070.0,509.0,2217.0,114.0,1447936.0,112786.0,void,void,void,void,void,void,392384.0,56609.0,26055.0,1703.0,75616.0,7644.0,13334.0,1547.0,33840.0,4486.0,2418.0,227.0,484.0,95.0,1253.0,189.0,void,void,3578.0,392.0,7629.0,1827.0,556192.0,74570.0,156323.0,19108.0,89.0,19.0,2041.0,387.0,55281.0,12063.0,126692.0,13203.0,149075.0,18952.0,26021.0,4637.0,3523.0,170.0,534.0,126.0,1117.0,176.0,void,void,3305.0,414.0,3405.0,341.0,41977.0,3039.0,569394.0,72567.0,1216713.0,90040.0,556591.0,74719.0,569394.0,72567.0,1402029.0,106302.0,630762.0,641961.0,318386329.0,19872349.0,41180681.0,43926765.0,43448454.0,40401376.0,43330932.0,39983435.0,46157016.0,246350641.0,42090120.0,17203569.0,3953354.0,7968051,56021339.0,67765576.0,119666248.0,74933166.0,156654424.0,161646584.0,73563723.0,206928134.0,46157016.0,198580269,65215858,246350641.0,42090120.0,17203569.0,3953354.0,7968051,55088193.0,263212815.0,55088193.0,197799592,39488757,16660735,2352171,6368514,351.2,16.9,137.0,490.5,130.3,100.9,488.2,8.6,150.1,44.2
2015,70.0,US,5.0,1371879.0,104968.0,21861.0,4350.0,21141.0,2161.0,1415112.0,111491.0,1526603.0,83608.0,5999.0,35084.0,1581.0,void,void,534559.0,64685.0,582338.0,27554.0,254342.0,14397.0,19994.0,2848.0,9396.0,858.0,2936.0,376.0,void,void,353.0,57.0,8308.0,483.0,2367.0,181.0,1414593.0,111440.0,void,void,void,void,void,void,374176.0,54898.0,25181.0,1833.0,73537.0,7832.0,12643.0,1419.0,37071.0,5110.0,2191.0,173.0,642.0,119.0,1296.0,213.0,void,void,4034.0,352.0,4900.0,1061.0,538802.0,74150.0,159101.0,20036.0,102.0,11.0,2209.0,409.0,55207.0,11943.0,127297.0,13419.0,147876.0,20274.0,24918.0,4669.0,3577.0,147.0,583.0,131.0,1336.0,227.0,void,void,3236.0,341.0,3466.0,352.0,42364.0,3650.0,571272.0,75609.0,1403066.0,106453.0,538802.0,74150.0,571270.0,75669.0,1371408.0,104967.0,612952.0,646881.0,320738994.0,19918078.0,41081146.0,43749670.0,44038198.0,40437602.0,43015531.0,40744168.0,47650770.0,247382690.0,42532491.0,17752744.0,4004358.0,8212721,56052790.0,67885682.0,121049223.0,75751299.0,157856394.0,162778769.0,73618051.0,207737412.0,47650770.0,199366342,65246981,247382690.0,42532491.0,17752744.0,4004358.0,8212721,56254742.0,264380421.0,56254742.0,197837000,39862578,17198200,2370871,6557720,339.7,14.0,120.4,464.3,126.6,83.0,456.3,7.8,150.6,45.3
2016,70.0,US,5.0,1354109.0,105839.0,19872.0,3925.0,22006.0,2022.0,1396296.0,111833.0,1508129.0,89856.0,7179.0,30796.0,492.0,void,void,521492.0,65348.0,569902.0,26596.0,259039.0,14435.0,19790.0,2954.0,9547.0,878.0,2866.0,346.0,void,void,404.0,78.0,8228.0,510.0,2067.0,187.0,1393335.0,111332.0,void,void,void,void,void,void,363258.0,55770.0,26488.0,2080.0,75319.0,8415.0,12368.0,1312.0,41962.0,5524.0,1994.0,197.0,662.0,122.0,1328.0,259.0,void,void,3970.0,350.0,7439.0,1745.0,534788.0,75773.0,147141.0,18731.0,115.0,20.0,2355.0,390.0,54703.0,11951.0,145843.0,15331.0,147471.0,21057.0,25534.0,4865.0,3887.0,147.0,636.0,156.0,1300.0,238.0,void,void,17755.0,1439.0,4333.0,423.0,4195.0,640.0,555268.0,75388.0,1373133.0,105184.0,534757.0,75773.0,555277.0,75388.0,1352597.0,105459.0,610561.0,630656.0,323071755.0,19921759.0,41055553.0,43473877.0,44732005.0,40459218.0,42707029.0,41389799.0,49202071.0,248413058.0,42970183.0,18279949.0,4054740.0,8457567,56063777.0,68018175.0,122419547.0,76570256.0,159021785.0,163919526.0,73649413.0,208562839.0,49202071.0,200089827,65176401,248413058.0,42970183.0,18279949.0,4054740.0,8457567,57450887.0,265490424.0,57450887.0,197845666,40231299,17713306,2388699,6745777,315.2,10.6,114.5,487.0,116.6,72.7,419.0,7.7,152.2,48.5
2017,70.0,US,5.0,1334828.0,105049.0,21132.0,4317.0,21866.0,2004.0,1377815.0,111374.0,1489189.0,88695.0,5751.0,26267.0,331.0,void,void,517126.0,65725.0,557659.0,25638.0,256212.0,14540.0,20508.0,3197.0,9494.0,789.0,2917.0,258.0,void,void,626.0,167.0,8050.0,477.0,4095.0,487.0,1376687.0,111278.0,void,void,void,void,void,void,362324.0,56255.0,24575.0,2017.0,67903.0,8491.0,15478.0,1715.0,47883.0,6148.0,2004.0,228.0,618.0,130.0,1372.0,264.0,void,void,4277.0,312.0,7555.0,1638.0,533989.0,77198.0,139862.0,18274.0,166.0,15.0,1934.0,345.0,69502.0,13073.0,129391.0,14833.0,164073.0,23486.0,27236.0,5191.0,4119.0,165.0,676.0,134.0,1376.0,272.0,void,void,2433.0,344.0,4189.0,486.0,5034.0,1003.0,549991.0,77621.0,1351219.0,105441.0,533989.0,77198.0,549991.0,77621.0,1333462.0,104962.0,611187.0,627612.0,325122128.0,19890972.0,41077140.0,43136918.0,45263412.0,40756584.0,42232340.0,41874769.0,50753404.0,249270773.0,43374142.0,18764237.0,4101605.0,8694466,56083383.0,68160342.0,123611036.0,77267367.0,160045920.0,164939619.0,73585346.0,209153354.0,50753404.0,200646789,65078781,249270773.0,43374142.0,18764237.0,4101605.0,8694466,58573530.0,266412009.0,58573530.0,197748159,40568433,18186249,2405169,6927623,304.8,9.3,108.7,502.5,112.9,63.8,384.6,7.2,152.4,50.8
2018,70.0,US,5.0,1309925.0,104237.0,22400.0,4546.0,21759.0,2051.0,1354313.0,110845.0,1465158.0,89916.0,5630.0,22893.0,5.0,void,void,510811.0,65895.0,546975.0,24872.0,252177.0,14724.0,20605.0,3184.0,9580.0,917.0,2818.0,349.0,void,void,548.0,107.0,7648.0,487.0,2229.0,238.0,1353391.0,110774.0,void,void,void,void,void,void,355016.0,55851.0,26074.0,2396.0,62658.0,8216.0,14409.0,1931.0,47881.0,6098.0,1434.0,110.0,688.0,107.0,1286.0,270.0,void,void,2696.0,269.0,10804.0,2090.0,522946.0,77338.0,136614.0,17955.0,114.0,25.0,1931.0,361.0,67537.0,12679.0,126218.0,14798.0,164482.0,23740.0,28298.0,5590.0,4261.0,185.0,705.0,111.0,1310.0,227.0,void,void,2837.0,373.0,3917.0,519.0,4535.0,1085.0,542759.0,77648.0,1328352.0,104445.0,522946.0,77338.0,542759.0,77648.0,1309401.0,104186.0,600284.0,620407.0,326838199.0,19762962.0,41056914.0,42872747.0,45610110.0,41213474.0,41577706.0,42224249.0,52369339.0,249961025.0,43732024.0,19134105.0,4145811.0,8920749,56084543.0,68263019.0,124649156.0,77841481.0,160885734.0,165801767.0,73319145.0,209360575.0,52369339.0,200999017,64957587,249961025.0,43732024.0,19134105.0,4145811.0,8920749,59639869.0,267047632.0,59639869.0,197535202,40860704,18545428,2420241,7099894,306.5,6.7,100.8,506.4,100.6,53.0,357.3,7.2,151.8,51.5
